Index,User Id,Username,Followers Count,Location,Sex,Date of Creation
1,85007,elbqu_841,38267,Alaska,Male,25/08/2011
2,83797,pgeda_510,55943,Arizona,Male,11/04/2019
3,77090,yfrpp_833,47917,South Dakota,Female,06/06/2019
4,48177,jltuj_342,54693,Massachusetts,Female,06/08/2010
5,94473,izqgz_572,56892,Rhode Island,Male,15/12/2021
6,32587,iukcy_202,74695,Ohio,Male,22/11/2015
7,48477,iuxcc_837,41371,Wyoming,Male,03/04/2023
8,73777,esvrs_962,3630,California,Female,27/07/2012
9,19774,gydew_118,4022,Illinois,Male,16/06/2012
10,30198,cpkzh_642,27082,Michigan,Female,06/06/2014
11,70528,jxgzm_707,31623,Nevada,Male,23/01/2020
12,53202,ybcxi_420,18402,Nevada,Male,09/11/2021
13,89906,hnwwu_723,56843,New Mexico,Female,05/08/2011
14,97025,bewhl_533,96479,Louisiana,Female,16/04/2020
15,81523,vudhm_650,41013,Mississippi,Male,07/08/2013
16,25286,jxogb_779,17195,Wyoming,Male,20/06/2015
17,57045,fesql_565,1346,New Mexico,Female,29/08/2021
18,17177,ygkif_266,98776,Illinois,Male,12/11/2015
19,40141,wovyx_517,13765,Connecticut,Male,03/06/2011
20,98640,kaumj_917,98554,Delaware,Female,03/09/2016
21,75745,frmjb_947,54587,Vermont,Male,10/09/2023
22,54989,snyag_568,24089,South Dakota,Male,22/05/2018
23,29995,fihel_183,96525,West Virginia,Male,05/07/2018
24,87028,gjnos_389,2381,Montana,Male,28/11/2023
25,72758,denmr_403,96071,South Carolina,Male,17/05/2020
26,86653,yknud_347,26561,California,Female,31/10/2021
27,69906,mrtai_141,71204,Hawaii,Male,06/08/2022
28,91032,rjzog_831,31130,Oregon,Female,01/06/2012
29,55635,okqhv_957,59158,Kansas,Female,09/11/2014
30,23744,xivmg_436,37789,Maryland,Male,23/11/2016
31,20340,nbejf_403,25504,Alabama,Female,29/05/2022
32,62090,uwyqk_727,24316,Idaho,Female,14/10/2010
33,84615,qzqkx_282,98338,Texas,Female,06/03/2022
34,31901,yghxq_731,63019,Georgia,Female,07/09/2012
35,36508,klhuz_614,30167,New York,Male,01/10/2010
36,50460,zzgxl_791,25644,Tennessee,Female,28/03/2012
37,28370,dzkiv_685,12005,North Dakota,Male,24/05/2016
38,39356,jvqdc_207,86370,Utah,Female,02/02/2012
39,55773,dqzxc_345,81391,New Hampshire,Female,19/07/2014
40,17981,lwekm_918,15210,Maine,Male,07/03/2019
41,98858,jymxw_253,91128,Missouri,Female,12/12/2021
42,50970,rujlh_144,96120,Arizona,Male,06/06/2016
43,40892,gqeyh_853,41649,Indiana,Female,24/12/2017
44,74550,rffun_318,21050,Iowa,Female,04/08/2018
45,96846,zwoqe_235,56494,Florida,Male,23/11/2022
46,70064,jtyql_792,71789,Montana,Male,04/07/2018
47,73325,pzhek_885,7427,Hawaii,Female,13/05/2019
48,66943,qikrt_618,64825,Michigan,Male,25/06/2014
49,11933,vslon_632,52911,Pennsylvania,Female,12/06/2023
50,93516,gwmjb_519,85125,New Jersey,Female,09/11/2014
